<?xml version="1.0" encoding="utf-8"?>
<odoo>
    <data noupdate="1">
        <record model="ir.module.category" id="ts_dashboard_security_groups">
            <field name="name">All in One Dashboard</field>
        </record>

        <record model="res.groups" id="ts_dashboard_group_manager">
            <field name="name">Show Full Features</field>
            <field name="category_id" ref="ts_dashboard.ts_dashboard_security_groups"/>
        </record>

        <record id="base.group_system" model="res.groups">
            <field name="implied_ids" eval="[(4, ref('ts_dashboard.ts_dashboard_group_manager'))]"/>
        </record>
    </data>
</odoo>
